id;pagetitle;published;configuration_id;doors-count;generation;generation_name;is_restyle;mark_id;model_class;model_id;model;car-price
29096;"AUDI RS 3 седан II (8V) Рестайлинг";0;20848686;4;20847894;"II (8V) Рестайлинг";1;AUDI;C;AUDI_RS3;"RS 3";5300000
29097;"AUDI RS 3 хэтчбек 5 дв. II (8V) Рестайлинг";0;20933927;5;20847894;"II (8V) Рестайлинг";1;AUDI;C;AUDI_RS3;"RS 3";3850000
29099;"AUDI RS 5 купе II (F5)";0;20950543;2;20950508;"II (F5)";0;AUDI;D;AUDI_RS5;"RS 5";4870000
29100;"AUDI RS 5 лифтбек II (F5)";0;21558076;5;20950508;"II (F5)";0;AUDI;D;AUDI_RS5;"RS 5";5500000
29102;"AUDI SQ5 внедорожник 5 дв. II (FY)";0;20990536;5;20990497;"II (FY)";0;AUDI;D;AUDI_SQ5;SQ5;3699000
29104;"AUDI SQ7 внедорожник 5 дв. I (4M)";0;20766975;5;20766937;"I (4M)";0;AUDI;E;AUDI_SQ7;SQ7;7900000
29106;"AUDI S5 купе II (F5)";0;20795780;2;20795748;"II (F5)";0;AUDI;D;AUDI_S5;S5;3900000
29107;"AUDI S5 лифтбек II (F5)";0;20841019;5;20795748;"II (F5)";0;AUDI;D;AUDI_S5;S5;3450000
29109;"AUDI A4 седан V (B9)";0;20637561;4;20637504;"V (B9)";0;AUDI;D;AUDI_A4;A4;1322000
29110;"AUDI A4 универсал 5 дв. V (B9)";0;20637615;5;20637504;"V (B9)";0;AUDI;D;AUDI_A4;A4;1857000
29112;"AUDI A4 allroad универсал 5 дв. V (B9)";0;20744599;5;20744561;"V (B9)";0;AUDI;D;AUDI_A4_ALLROAD;"A4 allroad";1898000
29114;"AUDI A5 купе II (F5)";0;20795627;2;20795592;"II (F5)";0;AUDI;D;AUDI_A5;A5;2293000
29115;"AUDI A5 кабриолет II (F5)";0;20867853;2;20795592;"II (F5)";0;AUDI;D;AUDI_A5;A5;3500000
29116;"AUDI A5 лифтбек II (F5)";0;20840967;5;20795592;"II (F5)";0;AUDI;D;AUDI_A5;A5;2210000
29118;"AUDI A6 allroad универсал 5 дв. III (C7) Рестайлинг";0;20246288;5;20246280;"III (C7) Рестайлинг";1;AUDI;E;AUDI_ALLROAD;"A6 allroad";1895000
29120;"AUDI Q5 внедорожник 5 дв. II (FY)";0;20849260;5;20849216;"II (FY)";0;AUDI;D;AUDI_Q5;Q5;2363400
29122;"AUDI Q7 внедорожник 5 дв. II (4M)";0;20368784;5;20368749;"II (4M)";0;AUDI;E;AUDI_Q7;Q7;2700000
29124;"AUDI RS 4 универсал 5 дв. IV (B9)";0;21093276;5;21093247;"IV (B9)";0;AUDI;D;AUDI_RS4;"RS 4";7390000
29126;"AUDI TT купе III (8S)";0;20176905;2;20176878;"III (8S)";0;AUDI;S;AUDI_TT;TT;2850000
29129;"BMW M5 седан VI (F90)";0;21073941;4;21073904;"VI (F90)";0;BMW;E;BMW_M5;M5;4615000
29131;"BMW X3 внедорожник 5 дв. III (G01)";0;21029647;5;21029610;"III (G01)";0;BMW;D;BMW_X3;X3;2649000
29133;"BMW 4 серии купе F32/F33/F36 Рестайлинг";0;20906802;2;20906765;"F32/F33/F36 Рестайлинг";1;BMW;D;BMW_4;"4 серии";2220150
29134;"BMW 4 серии кабриолет F32/F33/F36 Рестайлинг";0;20906816;2;20906765;"F32/F33/F36 Рестайлинг";1;BMW;D;BMW_4;"4 серии";4350000
29135;"BMW 4 серии лифтбек F32/F33/F36 Рестайлинг";0;20906830;5;20906765;"F32/F33/F36 Рестайлинг";1;BMW;D;BMW_4;"4 серии";2186900
29137;"BMW i8 купе I Рестайлинг";0;21172900;2;21172866;"I Рестайлинг";1;BMW;S;BMW_I8;i8;6000000
29138;"BMW i8 родстер I Рестайлинг";0;21172967;2;21172866;"I Рестайлинг";1;BMW;S;BMW_I8;i8;10200000
29140;"BMW M2 купе F87 Рестайлинг";0;21363184;2;21363127;"F87 Рестайлинг";1;BMW;C;BMW_M2;M2;5050000
29142;"BMW M4 купе F82/F83 Рестайлинг";0;21783585;2;21783528;"F82/F83 Рестайлинг";1;BMW;D;BMW_M4;M4;4500000
29144;"BMW M8 купе I (F91/F92/F93)";0;21578720;2;21578636;"I (F91/F92/F93)";0;BMW;S;BMW_M8;M8;9500000
29145;"BMW M8 кабриолет I (F91/F92/F93)";0;21578984;2;21578636;"I (F91/F92/F93)";0;BMW;S;BMW_M8;M8;16850000
29146;"BMW M8 седан I (F91/F92/F93)";0;21684871;4;21578636;"I (F91/F92/F93)";0;BMW;S;BMW_M8;M8;12800000
29148;"BMW X3 M внедорожник 5 дв. I (F97)";0;21496749;5;21496691;"I (F97)";0;BMW;D;BMW_X3_M;"X3 M";5184000
29150;"BMW X4 внедорожник 5 дв. II (G02)";0;21204042;5;21203948;"II (G02)";0;BMW;D;BMW_X4;X4;3470000
29152;"BMW X4 M внедорожник 5 дв. I (F98)";0;21497027;5;21496977;"I (F98)";0;BMW;D;BMW_X4_M;"X4 M";6000000
29154;"BMW 1 серии хэтчбек 5 дв. II (F20/F21) Рестайлинг 2";0;21007024;5;21006990;"II (F20/F21) Рестайлинг 2";1;BMW;C;BMW_1ER;"1 серии";1329000
29156;"BMW 3 серии седан VII (G2x)";0;21398651;4;21398591;"VII (G2x)";0;BMW;D;BMW_3ER;"3 серии";2150000
29157;"BMW 3 серии универсал 5 дв. VII (G2x)";0;21592183;5;21398591;"VII (G2x)";0;BMW;D;BMW_3ER;"3 серии";2790000
29159;"BMW 3 серии универсал 5 дв. VI (F3x) Рестайлинг";0;20548432;5;20548423;"VI (F3x) Рестайлинг";1;BMW;D;BMW_3ER;"3 серии";1970000
29160;"BMW 3 серии лифтбек VI (F3x) Рестайлинг";0;20794725;5;20548423;"VI (F3x) Рестайлинг";1;BMW;D;BMW_3ER;"3 серии";2760000
29162;"BMW 5 серии седан VII (G30/G31)";0;20856206;4;20856169;"VII (G30/G31)";0;BMW;E;BMW_5ER;"5 серии";2100000
29163;"BMW 5 серии универсал 5 дв. VII (G30/G31)";0;20918246;5;20856169;"VII (G30/G31)";0;BMW;E;BMW_5ER;"5 серии";2130000
29165;"BMW 6 серии лифтбек IV (G32)";0;21021836;5;21021798;"IV (G32)";0;BMW;E;BMW_6ER;"6 серии";2760000
29167;"BMW 7 серии седан VI (G11/G12)";0;20619323;4;20619259;"VI (G11/G12)";0;BMW;F;BMW_7ER;"7 серии";2399000
29169;"BMW 8 серии купе II (G14/G15/G16)";0;21316042;2;21315985;"II (G14/G15/G16)";0;BMW;S;BMW_8ER;"8 серии";15000000
29170;"BMW 8 серии седан II (G14/G15/G16)";0;21595650;4;21315985;"II (G14/G15/G16)";0;BMW;S;BMW_8ER;"8 серии";7499900
29172;"BMW X1 внедорожник 5 дв. II (F48)";0;20583371;5;20583308;"II (F48)";0;BMW;C;BMW_X1;X1;1540000
29174;"BMW X5 M внедорожник 5 дв. III (F95)";0;21679551;5;21679476;"III (F95)";0;BMW;E;BMW_X5_M;"X5 M";8131000
29176;"BMW X6 внедорожник 5 дв. II (F16)";0;20158770;5;20158768;"II (F16)";0;BMW;E;BMW_X6;X6;2699000
29178;"BMW X6 M внедорожник 5 дв. III (F96)";0;21679683;5;21679606;"III (F96)";0;BMW;E;BMW_X6_M;"X6 M";8650000
29180;"BMW X6 M внедорожник 5 дв. II (F86)";0;20289375;5;20289343;"II (F86)";0;BMW;E;BMW_X6_M;"X6 M";2990000
29182;"BMW Z4 родстер III (G29)";0;21393346;2;21393232;"III (G29)";0;BMW;S;BMW_Z4;Z4;3230000
29185;"CHERY Tiggo 2 внедорожник 5 дв. I";0;20986569;5;20986536;I;0;CHERY;B;CHERY_TIGGO_2;"Tiggo 2";619000
29187;"CHERY Tiggo 3 внедорожник 5 дв. I";0;20925276;5;20925225;I;0;CHERY;C;CHERY_TIGGO_3;"Tiggo 3";533200
29189;"CHERY Tiggo 4 внедорожник 5 дв. I";0;21509740;5;21509691;I;0;CHERY;B;CHERY_TIGGO_4;"Tiggo 4";1447777
29191;"CHERY Tiggo 5 внедорожник 5 дв. I Рестайлинг";0;20883298;5;20883259;"I Рестайлинг";1;CHERY;C;CHERY_TIGGO_5;"Tiggo 5";995000
29193;"CHERY Tiggo 7 внедорожник 5 дв. I";0;21518244;5;21518185;I;0;CHERY;C;CHERY_TIGGO_7;"Tiggo 7";1199000
29195;"CHERY Tiggo 8 внедорожник 5 дв. I";0;21798279;5;21798217;I;0;CHERY;D;CHERY_TIGGO_8;"Tiggo 8";1628000
29198;"CHEVROLET Bolt хэтчбек 5 дв. I";0;20744187;5;20744146;I;0;CHEVROLET;B;CHEVROLET_BOLT;Bolt;1650000
29200;"CHEVROLET Sonic хэтчбек 5 дв. I Рестайлинг";0;22417346;5;22417296;"I Рестайлинг";1;CHEVROLET;B;CHEVROLET_SONIC;Sonic;1290000
29202;"CHEVROLET Trax внедорожник 5 дв. I Рестайлинг";0;22762327;5;22762240;"I Рестайлинг";1;CHEVROLET;B;CHEVROLET_TRAX;Trax;800000
29204;"CHEVROLET Volt хэтчбек 5 дв. II";0;20546371;5;20546323;II;0;CHEVROLET;C;CHEVROLET_VOLT;Volt;1315000
29206;"CHEVROLET Aveo седан II";0;7857652;4;7857603;II;0;CHEVROLET;B;CHEVROLET_AVEO;Aveo;350000
29207;"CHEVROLET Aveo хэтчбек 5 дв. II";0;7942286;5;7857603;II;0;CHEVROLET;B;CHEVROLET_AVEO;Aveo;495000
29209;"CHEVROLET Corvette кабриолет C7";0;20156982;2;9363954;C7;0;CHEVROLET;S;CHEVROLET_CORVETTE;Corvette;4999999
29211;"CHEVROLET Equinox внедорожник 5 дв. III";0;20997402;5;20997363;III;0;CHEVROLET;D;CHEVROLET_EQUINOX;Equinox;1430000
29213;"CHEVROLET Tahoe внедорожник 5 дв. IV";0;20194554;5;20194420;IV;0;CHEVROLET;J;CHEVROLET_TAHOE;Tahoe;2649000
29215;"CHEVROLET Traverse внедорожник 5 дв. II";0;20918391;5;20918352;II;0;CHEVROLET;F;CHEVROLET_TRAVERSE;Traverse;2150000
29218;"CITROEN C3 Aircross внедорожник 5 дв. I";0;21125123;5;21125092;I;0;CITROEN;B;CITROEN_C3_AIRCROSS;"C3 Aircross";1230000
29220;"CITROEN C3 хэтчбек 5 дв. III";0;20877636;5;20877596;III;0;CITROEN;B;CITROEN_C3;C3;1250000
29223;"CHERYEXEED TXL внедорожник 5 дв. I";0;22553055;5;22553020;I;0;CHERYEXEED;D;CHERYEXEED_TXL;TXL;2235000
29226;"FORD C-MAX компактвэн II Рестайлинг";0;20530782;5;20530736;"II Рестайлинг";1;FORD;M;FORD_C_MAX;C-MAX;990000
29228;"FORD Escape внедорожник 5 дв. III Рестайлинг";0;20721064;5;20721026;"III Рестайлинг";1;FORD;C;FORD_ESCAPE;Escape;1380000
29230;"FORD Explorer внедорожник 5 дв. V Рестайлинг 2";0;21250845;5;21250473;"V Рестайлинг 2";1;FORD;E;FORD_EXPLORER;Explorer;1750000
29232;"FORD F-150 пикап двойная кабина XIII Рестайлинг";0;21714592;4;21148094;"XIII Рестайлинг";1;FORD;J;FORD_F_150;F-150;6100000
29233;"FORD F-150 пикап полуторная кабина XIII Рестайлинг";0;21714457;2;21148094;"XIII Рестайлинг";1;FORD;J;FORD_F_150;F-150;5336000
29235;"FORD Fiesta седан Mk6 Рестайлинг";0;20465332;4;9235311;"Mk6 Рестайлинг";1;FORD;B;FORD_FIESTA;Fiesta;529000
29236;"FORD Fiesta хэтчбек 5 дв. Mk6 Рестайлинг";0;9325369;5;9235311;"Mk6 Рестайлинг";1;FORD;B;FORD_FIESTA;Fiesta;540000
29238;"FORD Focus седан III Рестайлинг";0;20243255;4;20243246;"III Рестайлинг";1;FORD;C;FORD_FOCUS;Focus;750000
29239;"FORD Focus хэтчбек 5 дв. III Рестайлинг";0;20243254;5;20243246;"III Рестайлинг";1;FORD;C;FORD_FOCUS;Focus;669800
29240;"FORD Focus универсал 5 дв. III Рестайлинг";0;20243256;5;20243246;"III Рестайлинг";1;FORD;C;FORD_FOCUS;Focus;360000
29242;"FORD Fusion (North America) седан II Рестайлинг";0;20910494;4;20910388;"II Рестайлинг";1;FORD;D;FORD_FUSION_NA;"Fusion (North America)";1100000
29244;"FORD Kuga внедорожник 5 дв. II Рестайлинг";0;20863050;5;20863008;"II Рестайлинг";1;FORD;C;FORD_KUGA;Kuga;1100000
29246;"FORD Mondeo седан V Рестайлинг";0;21772536;4;21772308;"V Рестайлинг";1;FORD;E;FORD_MONDEO;Mondeo;1620000
29247;"FORD Mondeo лифтбек V Рестайлинг";0;21772476;5;21772308;"V Рестайлинг";1;FORD;E;FORD_MONDEO;Mondeo;1490000
29249;"FORD Mondeo седан V";0;20270728;4;20270679;V;0;FORD;E;FORD_MONDEO;Mondeo;950000
29251;"FORD Ranger пикап двойная кабина T6 Рестайлинг 2";0;23306220;4;23306182;"T6 Рестайлинг 2";1;FORD;J;FORD_RANGER;Ranger;3400000
29252;"FORD Ranger пикап двойная кабина T6 Рестайлинг 2";0;23424568;4;23306182;"T6 Рестайлинг 2";1;FORD;J;FORD_RANGER;Ranger;5600000
29254;"FORD Tourneo Connect компактвэн II Рестайлинг";0;21772285;5;21772064;"II Рестайлинг";1;FORD;M;FORD_TOURNEO_CONNECT;"Tourneo Connect";1430000
29258;"GEELY Emgrand GT седан ";0;20924548;4;20924510;;0;GEELY;D;GEELY_EMGRAND_GT;"Emgrand GT";1150000
29260;"GEELY Emgrand X7 внедорожник 5 дв. I Рестайлинг";0;20769514;5;20769486;"I Рестайлинг";1;GEELY;C;GEELY_EMGRAND_X7;"Emgrand X7";733000
29262;"GEELY Tugella внедорожник 5 дв. I";0;22645573;5;22645533;I;0;GEELY;C;GEELY_TUGELLA;Tugella;2380000
29265;"GENESIS G70 седан I";0;21207809;4;21207764;I;0;GENESIS;D;GENESIS_G70;G70;1600000
29267;"GENESIS G80 седан I";0;20846836;4;20846809;I;0;GENESIS;E;GENESIS_G80;G80;1750000
29269;"GENESIS G90 седан I";0;20846629;4;20846594;I;0;GENESIS;F;GENESIS_G90;G90;3000000
29272;"GMC Terrain внедорожник 5 дв. II";0;22481476;5;22481438;II;0;GMC;C;GMC_TERRAIN;Terrain;2090000
29276;"HAVAL H5 внедорожник 5 дв. I";0;21988044;5;21987659;I;0;HAVAL;J;HAVAL_H5;H5;1495000
29278;"HAVAL F7 внедорожник 5 дв. I";0;21569097;5;21569049;I;0;HAVAL;C;HAVAL_F7;F7;1700000
29280;"HAVAL F7x внедорожник 5 дв. I";0;21709901;5;21709866;I;0;HAVAL;C;HAVAL_F7X;F7x;1689000
29282;"HAVAL H2 внедорожник 5 дв. ";0;20536551;5;20536520;;0;HAVAL;B;HAVAL_H2;H2;1660000
29284;"HAVAL H6 внедорожник 5 дв. I";0;20468684;5;20190270;I;0;HAVAL;C;HAVAL_H6;H6;1100000
29286;"HAVAL H6 Coupe внедорожник 5 дв. I";0;21144053;5;21144022;I;0;HAVAL;C;HAVAL_H6_COUPE;"H6 Coupe";1419000
29289;"HONDA Grace седан I Рестайлинг";0;21041543;4;21041493;"I Рестайлинг";1;HONDA;B;HONDA_GRACE;Grace;895000
29291;"HONDA Jade хэтчбек 5 дв. I";0;21220422;5;21220345;I;0;HONDA;C;HONDA_JADE;Jade;950000
29293;"HONDA N-BOX микровэн II";0;21112340;5;21111813;II;0;HONDA;A;HONDA_N_BOX;N-BOX;710000
29295;"HONDA N-WGN хэтчбек 5 дв. I Рестайлинг";0;21563739;5;21563691;"I Рестайлинг";1;HONDA;A;HONDA_N_WGN;N-WGN;550000
29297;"HONDA Accord седан X";0;21121575;4;21121524;X;0;HONDA;D;HONDA_ACCORD;Accord;1550000
29299;"HONDA Accord седан IX Рестайлинг";0;21717309;4;20229563;"IX Рестайлинг";1;HONDA;D;HONDA_ACCORD;Accord;2200000
29301;"HONDA Civic седан X";0;20704347;4;20704275;X;0;HONDA;C;HONDA_CIVIC;Civic;1450000
29302;"HONDA Civic купе X";0;20765558;2;20704275;X;0;HONDA;C;HONDA_CIVIC;Civic;1510000
29304;"HONDA Freed компактвэн II";0;21103489;5;21101958;II;0;HONDA;M;HONDA_FREED;Freed;980000
29305;"HONDA Freed компактвэн II";0;23427309;5;21101958;II;0;HONDA;M;HONDA_FREED;Freed;1310000
29307;"HONDA HR-V внедорожник 5 дв. II Рестайлинг";0;22421203;5;22421141;"II Рестайлинг";1;HONDA;B;HONDA_HR_V;HR-V;1870000
29309;"HONDA Odyssey (North America) минивэн V";0;21121457;5;21121411;V;0;HONDA;M;HONDA_ODYSSEY_NA;"Odyssey (North America)";2875000
29311;"HONDA Pilot внедорожник 5 дв. III Рестайлинг";0;21509495;5;21509365;"III Рестайлинг";1;HONDA;E;HONDA_PILOT;Pilot;3650000
29313;"HONDA Shuttle универсал 5 дв. II";0;20853978;5;20853932;II;0;HONDA;B;HONDA_SHUTTLE;Shuttle;1020000
29316;"HYUNDAI Creta внедорожник 5 дв. I";0;20773995;5;20773960;I;0;HYUNDAI;B;HYUNDAI_CRETA;Creta;670000
29318;"HYUNDAI Encino внедорожник 5 дв. ";0;23212731;5;23212659;;0;HYUNDAI;B;HYUNDAI_ENCINO;Encino;2429000
29320;"HYUNDAI i30 N хэтчбек 5 дв. I";0;21042129;5;21042089;I;0;HYUNDAI;C;HYUNDAI_I30_N;"i30 N";1599000
29322;"HYUNDAI i40 седан I Рестайлинг";0;20534745;4;20534709;"I Рестайлинг";1;HYUNDAI;D;HYUNDAI_I40;i40;940000
29323;"HYUNDAI i40 универсал 5 дв. I Рестайлинг";0;20534766;5;20534709;"I Рестайлинг";1;HYUNDAI;D;HYUNDAI_I40;i40;880000
29325;"HYUNDAI Kona внедорожник 5 дв. I";0;21019461;5;21019360;I;0;HYUNDAI;B;HYUNDAI_KONA;Kona;2397000
29327;"HYUNDAI Maxcruz внедорожник 5 дв. ";0;20469164;5;20347158;;0;HYUNDAI;D;HYUNDAI_MAXCRUZ;Maxcruz;1700000
29329;"HYUNDAI Palisade внедорожник 5 дв. I";0;21463082;5;21463036;I;0;HYUNDAI;E;HYUNDAI_PALISADE;Palisade;2225000
29331;"HYUNDAI Solaris седан II";0;20922742;4;20922677;II;0;HYUNDAI;B;HYUNDAI_SOLARIS;Solaris;560000
29333;"HYUNDAI Veloster хэтчбек 4 дв. II";0;21217718;4;21217681;II;0;HYUNDAI;C;HYUNDAI_VELOSTER;Veloster;1261000
29335;"HYUNDAI Accent седан IV";0;9352376;5;8555627;IV;0;HYUNDAI;B;HYUNDAI_ACCENT;Accent;630000
29337;"HYUNDAI Elantra седан VI (AD) Рестайлинг";0;21516836;4;21516782;"VI (AD) Рестайлинг";1;HYUNDAI;C;HYUNDAI_ELANTRA;Elantra;1230000
29339;"HYUNDAI Elantra седан VI (AD)";0;20771768;4;20771689;"VI (AD)";0;HYUNDAI;C;HYUNDAI_ELANTRA;Elantra;890000
29341;"HYUNDAI Grand Starex минивэн I Рестайлинг 2";0;21289342;5;21289293;"I Рестайлинг 2";1;HYUNDAI;M;HYUNDAI_GRAND_STAREX;"Grand Starex";1799000
29342;"HYUNDAI Grand Starex фургон I Рестайлинг 2";0;21805607;5;21289293;"I Рестайлинг 2";1;HYUNDAI;M;HYUNDAI_GRAND_STAREX;"Grand Starex";1785000
29344;"HYUNDAI Grandeur седан VI";0;23170722;4;23170681;VI;0;HYUNDAI;E;HYUNDAI_GRANDEUR;Grandeur;1620000
29346;"HYUNDAI H-1 минивэн II Рестайлинг 2";0;21193094;5;21193052;"II Рестайлинг 2";1;HYUNDAI;M;HYUNDAI_H_1_STAREX;H-1;2800000
29348;"HYUNDAI i10 хэтчбек 5 дв. II Рестайлинг";0;20896497;5;20896439;"II Рестайлинг";1;HYUNDAI;A;HYUNDAI_I10;i10;600000
29350;"HYUNDAI Santa Fe внедорожник 5 дв. IV";0;21209358;5;21209323;IV;0;HYUNDAI;D;HYUNDAI_SANTA_FE;"Santa Fe";2022000
29352;"HYUNDAI Sonata седан VII (LF) Рестайлинг";0;21104826;4;21104772;"VII (LF) Рестайлинг";1;HYUNDAI;D;HYUNDAI_SONATA;Sonata;850000
29354;"HYUNDAI Tucson внедорожник 5 дв. III Рестайлинг";0;21344007;5;21343951;"III Рестайлинг";1;HYUNDAI;C;HYUNDAI_TUCSON;Tucson;1627000
29357;"INFINITI Q30 хэтчбек 5 дв. ";0;20689944;5;20689909;;0;INFINITI;C;INFINITI_Q30;Q30;1698000
29359;"INFINITI Q70 седан I Рестайлинг";0;20533616;4;20533608;"I Рестайлинг";1;INFINITI;E;INFINITI_Q70;Q70;1420000
29361;"INFINITI QX30 внедорожник 5 дв. ";0;20721197;5;20721148;;0;INFINITI;C;INFINITI_QX30;QX30;1800000
29363;"INFINITI QX60 внедорожник 5 дв. I Рестайлинг";0;20751599;5;20751560;"I Рестайлинг";1;INFINITI;E;INFINITI_QX60;QX60;2030000
29365;"INFINITI QX80 внедорожник 5 дв. I Рестайлинг 2";0;21153042;5;21152977;"I Рестайлинг 2";1;INFINITI;J;INFINITI_QX80;QX80;2600000
29369;"JAC S5 (Eagle) внедорожник 5 дв. I";0;20093955;5;20093948;I;0;JAC;C;JAC_S5;"S5 (Eagle)";650000
29372;"JEEP Renegade внедорожник 5 дв. I";0;20250501;5;20250476;I;0;JEEP;B;JEEP_RENEGADE;Renegade;1164000
29375;"KIA K3 седан II";0;23271304;4;23271258;II;0;KIA;C;KIA_K3;K3;1025000
29376;"KIA K3 хэтчбек 5 дв. II";0;23271482;5;23271258;II;0;KIA;C;KIA_K3;K3;1266000
29378;"KIA K5 седан II";0;21102317;4;21101656;II;0;KIA;D;KIA_K5;K5;1400000
29380;"KIA K9 седан II (RJ)";0;23292178;4;23292144;"II (RJ)";0;KIA;F;KIA_K9;K9;2800000
29382;"KIA K900 седан II";0;21481391;4;21481320;II;0;KIA;F;KIA_K900;K900;2849000
29384;"KIA Niro внедорожник 5 дв. I";0;20756766;5;20756735;I;0;KIA;C;KIA_NIRO;Niro;1150000
29386;"KIA Proceed универсал 5 дв. I";0;21735050;5;21735005;I;0;KIA;C;KIA_PROCEED;Proceed;1699000
29388;"KIA Soul EV хэтчбек 5 дв. I";0;21528387;5;21528343;I;0;KIA;B;KIA_SOUL_EV;"Soul EV";1500000
29390;"KIA Stinger лифтбек I";0;20895828;5;20895791;I;0;KIA;D;KIA_STINGER;Stinger;1750000
29392;"KIA XCeed хэтчбек 5 дв. I";0;21623234;5;21623160;I;0;KIA;C;KIA_XCEED;XCeed;1779000
29394;"KIA Carnival минивэн III";0;21186426;5;21186381;III;0;KIA;M;KIA_CARNIVAL;Carnival;1600000
29396;"KIA Ceed хэтчбек 5 дв. III";0;21212502;5;21212472;III;0;KIA;C;KIA_CEED;Ceed;1181000
29397;"KIA Ceed универсал 5 дв. III";0;21212618;5;21212472;III;0;KIA;C;KIA_CEED;Ceed;1350000
29399;"KIA Cerato седан IV";0;21383533;4;21383450;IV;0;KIA;C;KIA_CERATO;Cerato;1445000
29401;"KIA Cerato седан III Рестайлинг (Classic)";0;20888047;4;20888011;"III Рестайлинг (Classic)";1;KIA;C;KIA_CERATO;Cerato;899000
29403;"KIA Forte седан III";0;21726330;4;21726291;III;0;KIA;C;KIA_FORTE;Forte;1630000
29405;"KIA K7 седан VG (II)";0;21137251;4;21137014;"VG (II)";0;KIA;D;KIA_K7;K7;2050000
29407;"KIA Mohave внедорожник 5 дв. I Рестайлинг";0;20979449;5;20979392;"I Рестайлинг";1;KIA;E;KIA_MOHAVES;Mohave;1905000
29409;"KIA Optima седан IV Рестайлинг";0;21342121;4;21342050;"IV Рестайлинг";1;KIA;D;KIA_OPTIMA;Optima;1247000
29411;"KIA Picanto хэтчбек 5 дв. III";0;20933556;5;20933523;III;0;KIA;A;KIA_PICANTO;Picanto;799000
29412;"KIA Picanto хэтчбек 5 дв. III";0;21429919;5;20933523;III;0;KIA;A;KIA_PICANTO;Picanto;980000
29413;"KIA Picanto хэтчбек 5 дв. III";0;21207594;5;20933523;III;0;KIA;A;KIA_PICANTO;Picanto;1035000
29415;"KIA Rio седан IV";0;21028057;4;21028015;IV;0;KIA;B;KIA_RIO;Rio;730000
29416;"KIA Rio хэтчбек 5 дв. IV";0;21126875;5;21028015;IV;0;KIA;B;KIA_RIO;Rio;1000000
29418;"KIA Sorento внедорожник 5 дв. III Prime Рестайлинг";0;21180505;5;21180462;"III Prime Рестайлинг";1;KIA;D;KIA_SORENTO;Sorento;1990000
29420;"KIA Sorento внедорожник 5 дв. II Рестайлинг";0;8506308;5;8506299;"II Рестайлинг";1;KIA;D;KIA_SORENTO;Sorento;1100000
29422;"KIA Soul хэтчбек 5 дв. III";0;21551904;5;21551393;III;0;KIA;B;KIA_SOUL;Soul;1275000
29424;"KIA Soul хэтчбек 5 дв. II Рестайлинг";0;20923404;5;20923366;"II Рестайлинг";1;KIA;B;KIA_SOUL;Soul;1050000
29426;"KIA Sportage внедорожник 5 дв. IV Рестайлинг";0;21365774;5;21365721;"IV Рестайлинг";1;KIA;C;KIA_SPORTAGE;Sportage;1490000
29429;"VAZ Largus универсал 5 дв. I";0;7951400;5;7951397;I;0;VAZ;C;VAZ_LARGUS;Largus;333000
29430;"VAZ Largus фургон I";0;8455395;5;7951397;I;0;VAZ;C;VAZ_LARGUS;Largus;270000
29431;"VAZ Largus универсал 5 дв. I";0;20294153;5;7951397;I;0;VAZ;C;VAZ_LARGUS;Largus;455000
29433;"VAZ Niva внедорожник 5 дв. I";0;22145520;5;22145470;I;0;VAZ;J;VAZ_NIVA;Niva;679000
29434;"VAZ Niva внедорожник 5 дв. I";0;22437321;5;22145470;I;0;VAZ;J;VAZ_NIVA;Niva;835000
29436;"VAZ 2121 (4x4) внедорожник 3 дв. I Рестайлинг (2020)";0;21760018;3;21759937;"I Рестайлинг (2020)";1;VAZ;J;VAZ_2121;"2121 (4x4)";450000
29437;"VAZ 2121 (4x4) внедорожник 3 дв. I Рестайлинг (2020)";0;21760358;3;21759937;"I Рестайлинг (2020)";1;VAZ;J;VAZ_2121;"2121 (4x4)";600000
29439;"VAZ 2121 (4x4) внедорожник 3 дв. I Рестайлинг";0;2307324;3;2307327;"I Рестайлинг";1;VAZ;J;VAZ_2121;"2121 (4x4)";40000
29440;"VAZ 2121 (4x4) внедорожник 3 дв. I Рестайлинг";0;20286744;3;2307327;"I Рестайлинг";1;VAZ;J;VAZ_2121;"2121 (4x4)";330000
29441;"VAZ 2121 (4x4) внедорожник 3 дв. I Рестайлинг";0;21121696;3;2307327;"I Рестайлинг";1;VAZ;J;VAZ_2121;"2121 (4x4)";579000
29442;"VAZ 2121 (4x4) внедорожник 3 дв. I Рестайлинг";0;20739642;3;2307327;"I Рестайлинг";1;VAZ;J;VAZ_2121;"2121 (4x4)";105000
29443;"VAZ 2121 (4x4) внедорожник 3 дв. I Рестайлинг";0;20739683;3;2307327;"I Рестайлинг";1;VAZ;J;VAZ_2121;"2121 (4x4)";360000
29445;"VAZ 2131 (4x4) внедорожник 5 дв. I Рестайлинг (2020)";0;21762443;5;21762355;"I Рестайлинг (2020)";1;VAZ;J;VAZ_2131_4X4;"2131 (4x4)";610000
29446;"VAZ 2131 (4x4) внедорожник 5 дв. I Рестайлинг (2020)";0;21762635;5;21762355;"I Рестайлинг (2020)";1;VAZ;J;VAZ_2131_4X4;"2131 (4x4)";765000
29448;"VAZ 2131 (4x4) внедорожник 5 дв. I";0;2307328;5;20370949;I;0;VAZ;J;VAZ_2131_4X4;"2131 (4x4)";65000
29449;"VAZ 2131 (4x4) внедорожник 5 дв. I";0;20793655;5;20370949;I;0;VAZ;J;VAZ_2131_4X4;"2131 (4x4)";485990
29450;"VAZ 2131 (4x4) внедорожник 5 дв. I";0;20739714;5;20370949;I;0;VAZ;J;VAZ_2131_4X4;"2131 (4x4)";250000
29452;"VAZ 2329 пикап двойная кабина ";0;20481453;2;20347754;;0;VAZ;J;VAZ_2329;2329;190000
29455;"LEXUS NX внедорожник 5 дв. I Рестайлинг";0;21131110;5;21131043;"I Рестайлинг";1;LEXUS;D;LEXUS_NX;NX;2360000
29457;"LEXUS RC F купе I";0;20268185;2;20268869;I;0;LEXUS;D;LEXUS_RC_F;"RC F";4190000
29459;"LEXUS ES седан VII";0;21328607;4;21328546;VII;0;LEXUS;E;LEXUS_ES;ES;2448000
29461;"LEXUS GX внедорожник 5 дв. II Рестайлинг";0;20038323;5;20038320;"II Рестайлинг";1;LEXUS;J;LEXUS_GX;GX;3100000
29463;"LEXUS IS седан III Рестайлинг";0;20892704;4;20892648;"III Рестайлинг";1;LEXUS;D;LEXUS_IS;IS;2000000
29465;"LEXUS LS седан V";0;21120644;4;21120612;V;0;LEXUS;F;LEXUS_LS;LS;5699000
29467;"LEXUS RX внедорожник 5 дв. IV";0;20526090;5;20526067;IV;0;LEXUS;E;LEXUS_RX;RX;2998690
29468;"LEXUS RX внедорожник 5 дв. IV";0;21172224;5;20526067;IV;0;LEXUS;E;LEXUS_RX;RX;3650000
29471;"LIFAN Murman (820) седан ";0;21038353;4;21038321;;0;LIFAN;D;LIFAN_MURMAN;"Murman (820)";430000
29473;"LIFAN Myway внедорожник 5 дв. ";0;20973445;5;20973420;;0;LIFAN;C;LIFAN_MYWAY;Myway;740000
29475;"LIFAN X50 хэтчбек 5 дв. ";0;20593090;5;20593038;;0;LIFAN;B;LIFAN_X50;X50;370000
29477;"LIFAN X70 внедорожник 5 дв. I";0;21251589;5;21251497;I;0;LIFAN;C;LIFAN_X70;X70;1000000
29480;"MAZDA 3 седан III (BM) Рестайлинг";0;20911683;4;20911243;"III (BM) Рестайлинг";1;MAZDA;C;MAZDA_3;3;1250000
29481;"MAZDA 3 хэтчбек 5 дв. III (BM) Рестайлинг";0;20911334;5;20911243;"III (BM) Рестайлинг";1;MAZDA;C;MAZDA_3;3;1395000
29483;"MAZDA Atenza универсал 5 дв. III Рестайлинг 2";0;23191909;5;23191603;"III Рестайлинг 2";1;MAZDA;D;MAZDA_ATENZA;Atenza;1545000
29485;"MAZDA Axela седан III Рестайлинг";0;21108531;4;21108478;"III Рестайлинг";1;MAZDA;C;MAZDA_AXELA;Axela;805000
29486;"MAZDA Axela хэтчбек 5 дв. III Рестайлинг";0;21108519;5;21108478;"III Рестайлинг";1;MAZDA;C;MAZDA_AXELA;Axela;850000
29488;"MAZDA CX-9 внедорожник 5 дв. II";0;20800922;5;20800889;II;0;MAZDA;E;MAZDA_CX_9;CX-9;2445668
29490;"MAZDA Demio хэтчбек 5 дв. IV (DJ)";0;20470329;5;20355672;"IV (DJ)";0;MAZDA;B;MAZDA_DEMIO;Demio;720000
29493;"MERCEDES A-Класс AMG седан II (W177)";0;21655587;4;21655525;"II (W177)";0;MERCEDES;C;MERCEDES_A_KLASSE_AMG;"A-Класс AMG";3900000
29494;"MERCEDES A-Класс AMG хэтчбек 5 дв. II (W177)";0;21656413;5;21655525;"II (W177)";0;MERCEDES;C;MERCEDES_A_KLASSE_AMG;"A-Класс AMG";3519000
29496;"MERCEDES Citan компактвэн I (W415)";0;20088543;5;20047954;"I (W415)";0;MERCEDES;M;MERCEDES_CITAN;Citan;720000
29498;"MERCEDES CLA седан I (C117, X117) Рестайлинг";0;20769795;4;20769760;"I (C117, X117) Рестайлинг";1;MERCEDES;C;MERCEDES_CLA_KLASSE;CLA;1499000
29499;"MERCEDES CLA универсал 5 дв. I (C117, X117) Рестайлинг";0;20769826;5;20769760;"I (C117, X117) Рестайлинг";1;MERCEDES;C;MERCEDES_CLA_KLASSE;CLA;1700000
29501;"MERCEDES CLA AMG седан I (C117, X117) Рестайлинг";0;20770021;4;20769988;"I (C117, X117) Рестайлинг";1;MERCEDES;C;MERCEDES_CLA_KLASSE_AMG;"CLA AMG";2448000
29503;"MERCEDES GLA внедорожник 5 дв. I (X156) Рестайлинг";0;20896091;5;20896051;"I (X156) Рестайлинг";1;MERCEDES;C;MERCEDES_GLA_CLASS;GLA;1500000
29505;"MERCEDES GLA AMG внедорожник 5 дв. I (X156) Рестайлинг";0;20896648;5;20896415;"I (X156) Рестайлинг";1;MERCEDES;C;MERCEDES_GLA_CLASS_AMG;"GLA AMG";2600000
29507;"MERCEDES GLC внедорожник 5 дв. I (X253)";0;20628157;5;20628117;"I (X253)";0;MERCEDES;D;MERCEDES_GLC_KLASSE;GLC;1900000
29509;"MERCEDES GLC AMG внедорожник 5 дв. I (X253)";0;20770557;5;20770518;"I (X253)";0;MERCEDES;D;MERCEDES_GLC_KLASSE_AMG;"GLC AMG";2980000
29511;"MERCEDES GLC Coupe внедорожник 5 дв. I (C253)";0;20771573;5;20771543;"I (C253)";0;MERCEDES;D;MERCEDES_GLC_COUPE;"GLC Coupe";2849000
29513;"MERCEDES GLC Coupe AMG внедорожник 5 дв. I (C253)";0;20840746;5;20840712;"I (C253)";0;MERCEDES;D;MERCEDES_AMG_GLC_COUPE;"GLC Coupe AMG";3350000
29515;"MERCEDES GLE AMG внедорожник 5 дв. I (W166)";0;20530115;5;20530107;"I (W166)";0;MERCEDES;E;MERCEDES_GLE_KLASSE_AMG;"GLE AMG";3800000
29517;"MERCEDES GLE Coupe внедорожник 5 дв. I (C292)";0;20493426;5;20493393;"I (C292)";0;MERCEDES;E;MERCEDES_GLE_KLASSE_COUPE;"GLE Coupe";3299000
29519;"MERCEDES GLE Coupe AMG внедорожник 5 дв. I (C292)";0;20493436;5;20493428;"I (C292)";0;MERCEDES;E;MERCEDES_GLE_KLASSE_COUPE_AMG;"GLE Coupe AMG";4000000
29521;"MERCEDES GLS внедорожник 5 дв. I (X166)";0;20712577;5;20712531;"I (X166)";0;MERCEDES;F;MERCEDES_GLS_KLASSE;GLS;3650000
29523;"MERCEDES GLS AMG внедорожник 5 дв. I (X166)";0;20712795;5;20712716;"I (X166)";0;MERCEDES;F;MERCEDES_GLS_KLASSE_AMG;"GLS AMG";4200000
29525;"MERCEDES SLC родстер I (R172)";0;20735293;2;20735253;"I (R172)";0;MERCEDES;S;MERCEDES_SLC_KLASSE;SLC;3100000
29527;"MERCEDES SLC AMG родстер I (R172)";0;20735791;2;20735755;"I (R172)";0;MERCEDES;S;MERCEDES_SLC_KLASSE_AMG;"SLC AMG";4390000
29529;"MERCEDES X-Класс пикап двойная кабина I";0;20862716;4;20862679;I;0;MERCEDES;J;MERCEDES_X_KLASSE;X-Класс;7000000
29531;"MERCEDES A-Класс седан IV (W177)";0;21356434;4;21198161;"IV (W177)";0;MERCEDES;C;MERCEDES_A_KLASSE;A-Класс;2100000
29532;"MERCEDES A-Класс хэтчбек 5 дв. IV (W177)";0;21198220;5;21198161;"IV (W177)";0;MERCEDES;C;MERCEDES_A_KLASSE;A-Класс;1800000
29534;"MERCEDES B-Класс хэтчбек 5 дв. III (W247)";0;21473914;5;21473857;"III (W247)";0;MERCEDES;C;MERCEDES_B_KLASSE;B-Класс;1815000
29536;"MERCEDES C-Класс седан IV (W205) Рестайлинг";0;21291804;4;21291732;"IV (W205) Рестайлинг";1;MERCEDES;D;MERCEDES_C_KLASSE;C-Класс;2300000
29537;"MERCEDES C-Класс купе IV (W205) Рестайлинг";0;21349624;2;21291732;"IV (W205) Рестайлинг";1;MERCEDES;D;MERCEDES_C_KLASSE;C-Класс;2999850
29539;"MERCEDES C-Класс AMG седан IV (W205) Рестайлинг";0;21402948;4;21402844;"IV (W205) Рестайлинг";1;MERCEDES;D;MERCEDES_C_KLASSE_AMG;"C-Класс AMG";3455000
29540;"MERCEDES C-Класс AMG купе IV (W205) Рестайлинг";0;21403241;2;21402844;"IV (W205) Рестайлинг";1;MERCEDES;D;MERCEDES_C_KLASSE_AMG;"C-Класс AMG";4250000
29541;"MERCEDES C-Класс AMG кабриолет IV (W205) Рестайлинг";0;21403289;2;21402844;"IV (W205) Рестайлинг";1;MERCEDES;D;MERCEDES_C_KLASSE_AMG;"C-Класс AMG";4430000
29543;"MERCEDES CLS седан III (C257)";0;21190368;4;21190300;"III (C257)";0;MERCEDES;E;MERCEDES_CLS_KLASSE;CLS;3500000
29545;"MERCEDES CLS AMG седан III (C257)";0;21321228;4;21321173;"III (C257)";0;MERCEDES;E;MERCEDES_CLS_KLASSE_AMG;"CLS AMG";5320000
29547;"MERCEDES E-Класс седан V (W213, S213, C238)";0;20743538;4;20743500;"V (W213, S213, C238)";0;MERCEDES;E;MERCEDES_E_KLASSE;E-Класс;1670000
29548;"MERCEDES E-Класс купе V (W213, S213, C238)";0;20887055;2;20743500;"V (W213, S213, C238)";0;MERCEDES;E;MERCEDES_E_KLASSE;E-Класс;2940000
29549;"MERCEDES E-Класс универсал 5 дв. V (W213, S213, C238)";0;20845122;5;20743500;"V (W213, S213, C238)";0;MERCEDES;E;MERCEDES_E_KLASSE;E-Класс;2800000
29551;"MERCEDES E-Класс AMG седан V (W213)";0;20844277;4;20844221;"V (W213)";0;MERCEDES;E;MERCEDES_E_KLASSE_AMG;"E-Класс AMG";3062000
29552;"MERCEDES E-Класс AMG универсал 5 дв. V (W213)";0;20844425;5;20844221;"V (W213)";0;MERCEDES;E;MERCEDES_E_KLASSE_AMG;"E-Класс AMG";5169900
29553;"MERCEDES E-Класс AMG купе V (W213)";0;21403697;2;20844221;"V (W213)";0;MERCEDES;E;MERCEDES_E_KLASSE_AMG;"E-Класс AMG";4660000
29554;"MERCEDES E-Класс AMG кабриолет V (W213)";0;21403617;2;20844221;"V (W213)";0;MERCEDES;E;MERCEDES_E_KLASSE_AMG;"E-Класс AMG";7370000
29556;"MERCEDES S-Класс седан VI (W222, C217) Рестайлинг";0;21738304;4;21016128;"VI (W222, C217) Рестайлинг";1;MERCEDES;F;MERCEDES_S_KLASSE;S-Класс;5300000
29557;"MERCEDES S-Класс купе VI (W222, C217) Рестайлинг";0;21083869;2;21016128;"VI (W222, C217) Рестайлинг";1;MERCEDES;F;MERCEDES_S_KLASSE;S-Класс;5350000
29558;"MERCEDES S-Класс седан VI (W222, C217) Рестайлинг";0;21016168;4;21016128;"VI (W222, C217) Рестайлинг";1;MERCEDES;F;MERCEDES_S_KLASSE;S-Класс;5000000
29560;"MERCEDES S-Класс AMG седан III (W222, C217) Рестайлинг";0;21017827;4;21017655;"III (W222, C217) Рестайлинг";1;MERCEDES;F;MERCEDES_S_KLASSE_AMG;"S-Класс AMG";6500000
29561;"MERCEDES S-Класс AMG купе III (W222, C217) Рестайлинг";0;21083900;2;21017655;"III (W222, C217) Рестайлинг";1;MERCEDES;F;MERCEDES_S_KLASSE_AMG;"S-Класс AMG";7500000
29562;"MERCEDES S-Класс AMG кабриолет III (W222, C217) Рестайлинг";0;21083930;2;21017655;"III (W222, C217) Рестайлинг";1;MERCEDES;F;MERCEDES_S_KLASSE_AMG;"S-Класс AMG";10450000
29564;"MERCEDES SL-Класс родстер VI (R231) Рестайлинг";0;20721428;2;20721386;"VI (R231) Рестайлинг";1;MERCEDES;S;MERCEDES_SL_KLASSE;SL-Класс;5500000
29566;"MERCEDES SL-Класс AMG родстер III (R231) Рестайлинг";0;20721566;2;20721528;"III (R231) Рестайлинг";1;MERCEDES;S;MERCEDES_SL_KLASSE_AMG;"SL-Класс AMG";7000000
29569;"MINI Countryman внедорожник 5 дв. II";0;20906915;5;20906866;II;0;MINI;B;MINI_COUNTRYMAN;Countryman;2000000
29570;"MINI Countryman внедорожник 5 дв. II";0;20908480;5;20906866;II;0;MINI;B;MINI_COUNTRYMAN;Countryman;2395000
29572;"MINI Cabrio кабриолет III Рестайлинг";0;21548410;2;21548307;"III Рестайлинг";1;MINI;B;MINI_CABRIO;Cabrio;2800000
29574;"MINI Clubman универсал 5 дв. II";0;20634634;5;20634510;II;0;MINI;B;MINI_CLUBMAN;Clubman;1549000
29575;"MINI Clubman универсал 5 дв. II";0;20845725;5;20634510;II;0;MINI;B;MINI_CLUBMAN;Clubman;2599999
29577;"MINI Hatch хэтчбек 3 дв. III (F55/F56) Рестайлинг";0;21294365;3;21294281;"III (F55/F56) Рестайлинг";1;MINI;B;MINI_HATCH;Hatch;2800000
29578;"MINI Hatch хэтчбек 3 дв. III (F55/F56) Рестайлинг";0;21487663;3;21294281;"III (F55/F56) Рестайлинг";1;MINI;B;MINI_HATCH;Hatch;1980000
29581;"MITSUBISHI ASX внедорожник 5 дв. I Рестайлинг 2";0;21062128;5;21062083;"I Рестайлинг 2";1;MITSUBISHI;C;MITSUBISHI_ASX;ASX;1150000
29583;"MITSUBISHI Delica D:3 минивэн ";0;20815646;5;20815591;;0;MITSUBISHI;M;MITSUBISHI_DELICA_D3;"Delica D:3";1150000
29585;"MITSUBISHI Eclipse Cross внедорожник 5 дв. I";0;21107401;5;21107295;I;0;MITSUBISHI;C;MITSUBISHI_ECLIPSE_CROSS;"Eclipse Cross";1740000
29587;"MITSUBISHI Outlander Sport внедорожник 5 дв. I Рестайлинг 2";0;23356897;5;23356819;"I Рестайлинг 2";1;MITSUBISHI;C;MITSUBISHI_OUTLANDER_SPORT;"Outlander Sport";1550000
29589;"MITSUBISHI Delica D:5 минивэн I";0;21107497;5;21107387;I;0;MITSUBISHI;M;MITSUBISHI_DELICA_D_5;"Delica D:5";1200000
29591;"MITSUBISHI eK Wagon хэтчбек 5 дв. III Рестайлинг";0;20948383;5;20948300;"III Рестайлинг";1;MITSUBISHI;A;MITSUBISHI_EK_WAGON;"eK Wagon";1150000
29593;"MITSUBISHI L200 пикап двойная кабина V";0;20680574;4;20680534;V;0;MITSUBISHI;J;MITSUBISHI_L200;L200;1169000
29595;"MITSUBISHI Lancer Cargo универсал 5 дв. Y12 Рестайлинг";0;23418601;5;23418554;"Y12 Рестайлинг";1;MITSUBISHI;C;MITSUBISHI_LANCER_CARGO;"Lancer Cargo";830000
29597;"MITSUBISHI Mirage седан VI Рестайлинг";0;20772524;4;20721860;"VI Рестайлинг";1;MITSUBISHI;B;MITSUBISHI_MIRAGE;Mirage;880000
29599;"MITSUBISHI Pajero Sport внедорожник 5 дв. III";0;20663959;5;20663923;III;0;MITSUBISHI;J;MITSUBISHI_PAJERO_SPORT;"Pajero Sport";2300000
29602;"NISSAN Dayz хэтчбек 5 дв. I Рестайлинг";0;21093035;5;21093005;"I Рестайлинг";1;NISSAN;A;NISSAN_DAYZ;Dayz;470000
29604;"NISSAN Juke внедорожник 5 дв. I Рестайлинг";0;20213311;5;20213302;"I Рестайлинг";1;NISSAN;B;NISSAN_JUKE;Juke;860000
29606;"NISSAN Kicks внедорожник 5 дв. I";0;21466371;5;21466329;I;0;NISSAN;B;NISSAN_KICKS;Kicks;1350000
29608;"NISSAN 370Z купе I Рестайлинг";0;20164197;2;20164195;"I Рестайлинг";1;NISSAN;S;NISSAN_370Z;370Z;3300000
29609;"NISSAN 370Z купе I Рестайлинг";0;20164203;2;20164195;"I Рестайлинг";1;NISSAN;S;NISSAN_370Z;370Z;3660000
29611;"NISSAN Elgrand минивэн III (E52) Рестайлинг";0;23106619;5;23106577;"III (E52) Рестайлинг";1;NISSAN;M;NISSAN_ELGRAND;Elgrand;1500000
29613;"NISSAN GT-R купе I Рестайлинг 3";0;20772184;2;20772155;"I Рестайлинг 3";1;NISSAN;S;NISSAN_GT_R;GT-R;10000000
29615;"NISSAN Note хэтчбек 5 дв. II Рестайлинг";0;23318663;5;21753655;"II Рестайлинг";1;NISSAN;B;NISSAN_NOTE;Note;690000
29617;"NISSAN Patrol внедорожник 5 дв. VI (Y62) Рестайлинг";0;20098963;5;20098960;"VI (Y62) Рестайлинг";1;NISSAN;J;NISSAN_PATROL;Patrol;2000000
29619;"NISSAN Qashqai внедорожник 5 дв. II";0;20097930;5;20097928;II;0;NISSAN;C;NISSAN_QASHQAI;Qashqai;1000000
29621;"NISSAN Serena минивэн V (C27)";0;20961416;5;20961376;"V (C27)";0;NISSAN;M;NISSAN_SERENA;Serena;1225000
29623;"NISSAN Teana седан III";0;20098977;4;20098974;III;0;NISSAN;D;NISSAN_TEANA;Teana;900000
29625;"NISSAN X-Trail внедорожник 5 дв. III Рестайлинг";0;21179355;5;21179303;"III Рестайлинг";1;NISSAN;D;NISSAN_X_TRAIL;X-Trail;1500000
29627;"NISSAN X-Trail внедорожник 5 дв. III";0;20246546;5;20246517;III;0;NISSAN;D;NISSAN_X_TRAIL;X-Trail;1259000
29630;"OPEL Crossland X внедорожник 5 дв. I";0;20967398;5;20967361;I;0;OPEL;B;OPEL_CROSSLAND_X;"Crossland X";1300000
29632;"OPEL Mokka внедорожник 5 дв. I Рестайлинг";0;20793856;5;20796264;"I Рестайлинг";1;OPEL;B;OPEL_MOKKA;Mokka;1415000
29634;"OPEL Astra универсал 5 дв. K";0;20687751;5;20631158;K;0;OPEL;C;OPEL_ASTRA;Astra;1259000
29636;"OPEL Corsa хэтчбек 5 дв. E";0;20237087;5;20237049;E;0;OPEL;B;OPEL_CORSA;Corsa;1000050
29638;"OPEL Insignia лифтбек II";0;20949336;5;20949301;II;0;OPEL;D;OPEL_INSIGNIA;Insignia;1667000
29639;"OPEL Insignia универсал 5 дв. II";0;20949499;5;20949301;II;0;OPEL;D;OPEL_INSIGNIA;Insignia;1450000
29642;"PEUGEOT 2008 универсал 5 дв. I Рестайлинг";0;20758687;5;20758628;"I Рестайлинг";1;PEUGEOT;B;PEUGEOT_2008;2008;1230000
29644;"PEUGEOT 308 хэтчбек 5 дв. II Рестайлинг";0;21147885;5;21147849;"II Рестайлинг";1;PEUGEOT;C;PEUGEOT_308;308;1700000
29645;"PEUGEOT 308 универсал 5 дв. II Рестайлинг";0;21147959;5;21147849;"II Рестайлинг";1;PEUGEOT;C;PEUGEOT_308;308;1080000
29647;"PEUGEOT 3008 внедорожник 5 дв. II";0;20792558;5;20792527;II;0;PEUGEOT;C;PEUGEOT_3008;3008;1698000
29649;"PEUGEOT 5008 внедорожник 5 дв. II";0;20841398;5;20841360;II;0;PEUGEOT;D;PEUGEOT_5008;5008;1962000
29652;"RAVON Nexia R3 седан ";0;20706446;4;20706415;;0;RAVON;B;RAVON_NEXIA_R3;"Nexia R3";390000
29654;"RAVON R2 хэтчбек 5 дв. ";0;20752326;5;20752299;;0;RAVON;A;RAVON_R2;R2;400000
29656;"RAVON R4 седан ";0;20877369;4;20877338;;0;RAVON;B;RAVON_R4;R4;550000
29659;"RENAULT Duster внедорожник 5 дв. I Рестайлинг";0;20627654;5;20417950;"I Рестайлинг";1;RENAULT;B;RENAULT_DUSTER;Duster;650000
29661;"RENAULT Captur внедорожник 5 дв. I Рестайлинг";0;21368122;5;21368070;"I Рестайлинг";1;RENAULT;B;RENAULT_CAPTUR;Captur;1250000
29663;"RENAULT Kaptur внедорожник 5 дв. I";0;20780824;5;20780680;I;0;RENAULT;B;RENAULT_KAPTUR;Kaptur;950000
29665;"RENAULT ZOE хэтчбек 5 дв. I";0;20473627;5;20350354;I;0;RENAULT;B;RENAULT_ZOE;ZOE;1149000
29667;"RENAULT Clio хэтчбек 5 дв. IV Рестайлинг";0;20892463;5;20892426;"IV Рестайлинг";1;RENAULT;B;RENAULT_CLIO;Clio;880000
29669;"RENAULT Clio RS хэтчбек 5 дв. IV Рестайлинг";0;20926347;5;20926289;"IV Рестайлинг";1;RENAULT;B;RENAULT_CLIO_RS;"Clio RS";1640000
29671;"RENAULT Espace минивэн V";0;20507217;5;20504550;V;0;RENAULT;M;RENAULT_ESPACE;Espace;1449999
29673;"RENAULT Kangoo компактвэн II Рестайлинг";0;20046123;5;20046120;"II Рестайлинг";1;RENAULT;M;RENAULT_KANGOO;Kangoo;530000
29675;"RENAULT Koleos внедорожник 5 дв. II";0;21016954;5;21016904;II;0;RENAULT;D;RENAULT_KOLEOS;Koleos;1739000
29677;"RENAULT Trafic минивэн III";0;20506531;4;20505394;III;0;RENAULT;M;RENAULT_TRAFIC;Trafic;1494000
29680;"SKODA Citigo хэтчбек 3 дв. I Рестайлинг";0;21156208;3;21156156;"I Рестайлинг";1;SKODA;A;SKODA_CITIGO;Citigo;799000
29682;"SKODA Kodiaq внедорожник 5 дв. I";0;20839055;5;20839003;I;0;SKODA;D;SKODA_KODIAQ;Kodiaq;1799000
29684;"SKODA Kodiaq RS внедорожник 5 дв. I";0;21460123;5;21460074;I;0;SKODA;D;SKODA_KODIAQ_RS;"Kodiaq RS";3800000
29686;"SKODA Rapid лифтбек I Рестайлинг";0;21005618;5;21005574;"I Рестайлинг";1;SKODA;B;SKODA_RAPID;Rapid;510000
29688;"SKODA Fabia универсал 5 дв. III Рестайлинг";0;21372445;5;21372293;"III Рестайлинг";1;SKODA;B;SKODA_FABIA;Fabia;1220000
29690;"SKODA Superb лифтбек III";0;20483435;5;20483375;III;0;SKODA;D;SKODA_SUPERB;Superb;1479000
29693;"SUBARU Ascent внедорожник 5 дв. I";0;21172316;5;21172283;I;0;SUBARU;E;SUBARU_ASCENT;Ascent;3100000
29695;"SUBARU BRZ купе I";0;8424469;2;8424447;I;0;SUBARU;S;SUBARU_BRZ;BRZ;1750000
29697;"SUBARU WRX седан I Рестайлинг";0;22185806;4;22185699;"I Рестайлинг";1;SUBARU;C;SUBARU_WRX;WRX;2590000
29699;"SUBARU WRX STi седан I Рестайлинг";0;22186060;4;22185861;"I Рестайлинг";1;SUBARU;C;SUBARU_WRX_STI;"WRX STi";3000000
29701;"SUBARU XV внедорожник 5 дв. II";0;20950712;5;20950685;II;0;SUBARU;C;SUBARU_XV;XV;2240000
29703;"SUBARU Forester внедорожник 5 дв. V";0;21220325;5;21220292;V;0;SUBARU;D;SUBARU_FORESTER;Forester;2471000
29705;"SUBARU Forester внедорожник 5 дв. IV Рестайлинг 2";0;20789666;5;20789632;"IV Рестайлинг 2";1;SUBARU;D;SUBARU_FORESTER;Forester;1810000
29707;"SUBARU Impreza седан V";0;20772423;4;20772385;V;0;SUBARU;C;SUBARU_IMPREZA;Impreza;950000
29709;"SUBARU Legacy седан VI Рестайлинг";0;21223685;4;21223258;"VI Рестайлинг";1;SUBARU;D;SUBARU_LEGACY;Legacy;1700000
29711;"SUBARU Outback универсал 5 дв. V Рестайлинг";0;21215057;5;21215017;"V Рестайлинг";1;SUBARU;D;SUBARU_OUTBACK;Outback;1680000
29714;"SUZUKI Jimny внедорожник 3 дв. III Рестайлинг 2";0;8487340;3;8487339;"III Рестайлинг 2";1;SUZUKI;J;SUZUKI_JIMNY;Jimny;998000
29716;"SUZUKI Solio микровэн III";0;21113995;5;21113962;III;0;SUZUKI;M;SUZUKI_SOLIO;Solio;650000
29718;"SUZUKI SX4 хэтчбек 5 дв. II (S-Cross) Рестайлинг";0;20847277;5;20847225;"II (S-Cross) Рестайлинг";1;SUZUKI;B;SUZUKI_SX4;SX4;1280000
29720;"SUZUKI Vitara внедорожник 5 дв. II";0;20273490;5;20273460;II;0;SUZUKI;B;SUZUKI_VITARA;Vitara;949000
29723;"TOYOTA Aqua хэтчбек 5 дв. I Рестайлинг 2";0;23046352;5;23046218;"I Рестайлинг 2";1;TOYOTA;B;TOYOTA_AQUA;Aqua;720000
29725;"TOYOTA Prius Alpha универсал 5 дв. I (ZVW40/41) Рестайлинг";0;21133511;5;21133443;"I (ZVW40/41) Рестайлинг";1;TOYOTA;M;TOYOTA_PRIUS_ALPHA;"Prius Alpha";990000
29727;"TOYOTA Prius v (+) универсал 5 дв. I Рестайлинг (ZVW40/41)";0;20489880;5;20489872;"I Рестайлинг (ZVW40/41)";1;TOYOTA;M;TOYOTA_PRIUSPLUS;"Prius v (+)";1450000
29729;"TOYOTA Roomy микровэн I";0;21763970;5;21763914;I;0;TOYOTA;M;TOYOTA_ROOMY;Roomy;655000
29731;"TOYOTA Spade компактвэн ";0;21010185;3;21010152;;0;TOYOTA;M;TOYOTA_SPADE;Spade;600000
29733;"TOYOTA Allion седан II Рестайлинг 2";0;22974240;4;22974192;"II Рестайлинг 2";1;TOYOTA;D;TOYOTA_ALLION;Allion;1050000
29735;"TOYOTA Camry седан VIII (XV70)";0;21110821;4;21110739;"VIII (XV70)";0;TOYOTA;D;TOYOTA_CAMRY;Camry;1600000
29737;"TOYOTA Crown седан XV (S220)";0;21673497;4;21673428;"XV (S220)";0;TOYOTA;J;TOYOTA_CROWN;Crown;2035000
29739;"TOYOTA Fortuner внедорожник 5 дв. II";0;21051118;5;21051069;II;0;TOYOTA;J;TOYOTA_FORTUNER;Fortuner;2599000
29740;"TOYOTA Fortuner внедорожник 5 дв. II";0;21524230;5;21051069;II;0;TOYOTA;J;TOYOTA_FORTUNER;Fortuner;2890000
29742;"TOYOTA Harrier внедорожник 5 дв. III (XU60) Рестайлинг";0;21019747;5;21019629;"III (XU60) Рестайлинг";1;TOYOTA;D;TOYOTA_HARRIER;Harrier;1810000
29744;"TOYOTA Highlander внедорожник 5 дв. III (U50) Рестайлинг";0;20899222;5;20899185;"III (U50) Рестайлинг";1;TOYOTA;E;TOYOTA_HIGHLANDER;Highlander;2500000
29746;"TOYOTA Hilux пикап двойная кабина VIII";0;20555293;4;20555257;VIII;0;TOYOTA;J;TOYOTA_HILUX;Hilux;1950000
29747;"TOYOTA Hilux пикап двойная кабина VIII";0;21116448;4;20555257;VIII;0;TOYOTA;J;TOYOTA_HILUX;Hilux;2305000
29749;"TOYOTA Land Cruiser внедорожник 5 дв. 200 Series Рестайлинг 2";0;20677605;5;20677557;"200 Series Рестайлинг 2";1;TOYOTA;J;TOYOTA_LAND_CRUISER;"Land Cruiser";5700000
29750;"TOYOTA Land Cruiser внедорожник 5 дв. 200 Series Рестайлинг 2";0;21118176;5;20677557;"200 Series Рестайлинг 2";1;TOYOTA;J;TOYOTA_LAND_CRUISER;"Land Cruiser";4999000
29752;"TOYOTA Land Cruiser Prado внедорожник 5 дв. 150 Series Рестайлинг 2";0;21090255;5;21090216;"150 Series Рестайлинг 2";1;TOYOTA;J;TOYOTA_LAND_CRUISER_PRADO;"Land Cruiser Prado";3990000
29753;"TOYOTA Land Cruiser Prado внедорожник 3 дв. 150 Series Рестайлинг 2";0;23153890;3;21090216;"150 Series Рестайлинг 2";1;TOYOTA;J;TOYOTA_LAND_CRUISER_PRADO;"Land Cruiser Prado";3549000
29754;"TOYOTA Land Cruiser Prado внедорожник 5 дв. 150 Series Рестайлинг 2";0;21500256;5;21090216;"150 Series Рестайлинг 2";1;TOYOTA;J;TOYOTA_LAND_CRUISER_PRADO;"Land Cruiser Prado";4050000
29756;"TOYOTA Lite Ace минивэн VI";0;20777854;5;20777825;VI;0;TOYOTA;M;TOYOTA_LITE_ACE;"Lite Ace";775000
29758;"TOYOTA Mark X седан II Рестайлинг";0;9382459;4;9381880;"II Рестайлинг";1;TOYOTA;E;TOYOTA_MARK_X;"Mark X";1210000
29760;"TOYOTA Noah минивэн III (R80) Рестайлинг";0;23511003;5;23510963;"III (R80) Рестайлинг";1;TOYOTA;M;TOYOTA_NOAH;Noah;1780000
29762;"TOYOTA Porte компактвэн II";0;20474765;3;20352925;II;0;TOYOTA;M;TOYOTA_PORTE;Porte;750000
29764;"TOYOTA Premio седан II (T26) Рестайлинг 2";0;21724055;4;21724016;"II (T26) Рестайлинг 2";1;TOYOTA;C;TOYOTA_PREMIO;Premio;1100000
29766;"TOYOTA RAV4 внедорожник 5 дв. IV (XA40) Рестайлинг";0;20692875;5;20692838;"IV (XA40) Рестайлинг";1;TOYOTA;C;TOYOTA_RAV_4;RAV4;1530000
29768;"TOYOTA Sienna минивэн III Рестайлинг 2";0;22678707;5;22678648;"III Рестайлинг 2";1;TOYOTA;M;TOYOTA_SIENNA;Sienna;2400000
29770;"TOYOTA Succeed универсал 5 дв. I Рестайлинг";0;20816813;5;20816768;"I Рестайлинг";1;TOYOTA;C;TOYOTA_SUCCEED;Succeed;775000
29772;"TOYOTA Tundra пикап двойная кабина II Рестайлинг";0;20487465;4;20281153;"II Рестайлинг";1;TOYOTA;J;TOYOTA_TUNDRA;Tundra;3250000
29773;"TOYOTA Tundra пикап двойная кабина II Рестайлинг";0;20281162;4;20281153;"II Рестайлинг";1;TOYOTA;J;TOYOTA_TUNDRA;Tundra;4000000
29774;"TOYOTA Tundra пикап двойная кабина II Рестайлинг";0;21117323;4;20281153;"II Рестайлинг";1;TOYOTA;J;TOYOTA_TUNDRA;Tundra;4300000
29776;"TOYOTA Vitz хэтчбек 5 дв. III (XP130) Рестайлинг 2";0;23019888;5;23019844;"III (XP130) Рестайлинг 2";1;TOYOTA;B;TOYOTA_VITZ;Vitz;570000
29778;"TOYOTA Vitz хэтчбек 5 дв. III (XP130) Рестайлинг";0;20811743;5;20811712;"III (XP130) Рестайлинг";1;TOYOTA;B;TOYOTA_VITZ;Vitz;570000
29780;"TOYOTA Yaris седан DJ/DL";0;22839349;4;22839304;DJ/DL;0;TOYOTA;B;TOYOTA_YARIS;Yaris;1290000
29781;"TOYOTA Yaris хэтчбек 5 дв. DJ/DL";0;23228758;5;22839304;DJ/DL;0;TOYOTA;B;TOYOTA_YARIS;Yaris;1350000
29784;"VOLKSWAGEN Atlas внедорожник 5 дв. I";0;21715670;5;21715622;I;0;VOLKSWAGEN;E;VOLKSWAGEN_ATLAS;Atlas;2745000
29786;"VOLKSWAGEN Arteon лифтбек I";0;20956734;5;20956696;I;0;VOLKSWAGEN;D;VOLKSWAGEN_ARTEON;Arteon;2170000
29788;"VOLKSWAGEN Passat (North America and China) седан I Рестайлинг";0;22668588;4;22664756;"I Рестайлинг";1;VOLKSWAGEN;D;VOLKSWAGEN_PASSAT_NA;"Passat (North America and China)";1050000
29790;"VOLKSWAGEN Teramont внедорожник 5 дв. I";0;21020379;5;21020301;I;0;VOLKSWAGEN;E;VOLKSWAGEN_TERAMONT;Teramont;2197000
29792;"VOLKSWAGEN Beetle хэтчбек 3 дв. II (A5)";0;10405876;3;10405875;"II (A5)";0;VOLKSWAGEN;C;VOLKSWAGEN_BEETLE;Beetle;1150000
